keyword,language,word,count_word
#อาร์เซน่อล,th,อาร์เซน่อล,193
#อาร์เซน่อล,th,พรีเมียร์ลีก,93
#อาร์เซน่อล,th,เชลซี,48
#อาร์เซน่อล,en,arsenal,27
#อาร์เซน่อล,th,น,27
#อาร์เซน่อล,th,แมนยู,27
#อาร์เซน่อล,th,ปืนใหญ่,19
#อาร์เซน่อล,th,ไบรท์ตัน,19
#อาร์เซน่อล,th,คริสตัลพาเลซ,12
#อาร์เซน่อล,en,vs,12
#อาร์เซน่อล,th,วิเคราะห์บอล,12
#อาร์เซน่อล,th,แมนเชสเตอร์ยูไนเต็ด,12
#อาร์เซน่อล,en,shotongoal,11
#อาร์เซน่อล,th,ผลบอลสด,11
#อาร์เซน่อล,th,วิเคราะห์บอลวันนี้,11
#อาร์เซน่อล,th,กูรูยูไนเต็ด,10
#อาร์เซน่อล,en,fb,10
#อาร์เซน่อล,en,guru,10
#อาร์เซน่อล,en,gtgtgtsmmsport,10
#อาร์เซน่อล,th,บอลคืนนี้,10
#อาร์เซน่อล,en,win,10
#อาร์เซน่อล,th,กูรูดัง,10
#อาร์เซน่อล,th,บอลวันนี้,10
#อาร์เซน่อล,th,พรีเมียร์ลีกอังกฤษ,10
#อาร์เซน่อล,en,unitedกิจกรรมให้ลุ้นรับของรางวัลมากมายyoutube,10
#อาร์เซน่อล,th,ช่อง,10
#อาร์เซน่อล,en,goal,10
#อาร์เซน่อล,th,มิเกลอาร์เตต้า,9
#อาร์เซน่อล,th,พาเลซ,9
#อาร์เซน่อล,th,อาร์เตต้า,9
#อาร์เซน่อล,en,ผลบอลสดคลิกgtgtgtsmmsport,9
#อาร์เซน่อล,th,ข่าวฟุตบอล,9
#อาร์เซน่อล,th,แมนเชสเตอร์ซิตี้,9
#อาร์เซน่อล,th,ผ่าน,8
#อาร์เซน่อล,en,premierleague,8
#อาร์เซน่อล,en,siamsportnews,8
#อาร์เซน่อล,th,อาร์เซนอล,8
#อาร์เซน่อล,th,สเปอร์ส,7
#อาร์เซน่อล,th,ลากาแซตต์,7
#อาร์เซน่อล,en,chelseafc,7
#อาร์เซน่อล,th,อังกฤษ,6
#อาร์เซน่อล,th,แมนซิตี้,6
#อาร์เซน่อล,th,ซาก้า,6
#อาร์เซน่อล,th,พรีเมียร์ลีกข่าวกีฬา,6
#อาร์เซน่อล,th,บาร์เซโลน่า,6
#อาร์เซน่อล,th,ข่าวกีฬาวันนี้,6
#อาร์เซน่อล,th,เอ็นเคเทียห์,6
#อาร์เซน่อล,th,อ่านต่อ,5
#อาร์เซน่อล,th,เมษายน,5
#อาร์เซน่อล,en,sportbaronline,5
#อาร์เซน่อล,en,sportbarupdate,5
#อาร์เซน่อล,en,premier,5
#อาร์เซน่อล,th,ทูเคิ่ล,5
#อาร์เซน่อล,th,เมย,5
#อาร์เซน่อล,en,ข่าวฟุตบอลวันนี้sportbar,5
#อาร์เซน่อล,th,ท็อปโฟร์,5
#อาร์เซน่อล,th,รายชื่อ,5
#อาร์เซน่อล,th,คริสตัล,5
#อาร์เซน่อล,th,คู่เวลา,4
#อาร์เซน่อล,th,เจษคอนเฟิร์ม,4
#อาร์เซน่อล,th,แรชฟอร์ด,4
#อาร์เซน่อล,th,ต้าร์พาเฮ,4
#อาร์เซน่อล,th,บาร์ซ่า,4
#อาร์เซน่อล,th,อีกครั้ง,4
#อาร์เซน่อล,th,เอฟเวอร์ตัน,4
#อาร์เซน่อล,th,ตลาดซื้อขายนักเตะ,4
#อาร์เซน่อล,th,แมนฯยูไนเต็ด,4
#อาร์เซน่อล,th,เซาแธมป์ตัน,4
#อาร์เซน่อล,en,true,4
#อาร์เซน่อล,th,แข่ง,4
#อาร์เซน่อล,th,โอเดการ์ด,4
#อาร์เซน่อล,th,ฟุตบอลพรีเมียร์ลีก,4
#อาร์เซน่อล,th,ฟุตบอลต่างประเทศ,4
#อาร์เซน่อล,en,arsmun,4
#อาร์เซน่อล,th,ลิ้งก์ดูบอลสดฟุตบอลต่างประเทศ,4
#อาร์เซน่อล,th,ลอนดอนดาร์บี้แมตช์,4
#อาร์เซน่อล,th,ไม่สำเร็จ,4
#อาร์เซน่อล,th,พรีวิว,4
#อาร์เซน่อล,th,พบ,4
#อาร์เซน่อล,en,football,4
#อาร์เซน่อล,th,ราคาบอลวันนี้,3
#อาร์เซน่อล,th,ท็อตแน่มฮ็อทสเปอร์,3
#อาร์เซน่อล,th,เทียร์นี่ย์,3
#อาร์เซน่อล,th,คมชัดลึก,3
#อาร์เซน่อล,th,ลอนดอนดาร์บี้แมตช์คมชัดลึก,3
#อาร์เซน่อล,th,อังกฤษพรีเมียร์ลีก,3
#อาร์เซน่อล,th,เซาแฮมป์ตัน,3
#อาร์เซน่อล,th,เพิ่มเติมได้ที่,3
#อาร์เซน่อล,th,สิงโตน้ำเงินคราม,3
#อาร์เซน่อล,th,ลิเวอร์พูล,3
#อาร์เซน่อล,th,เซาธ์แฮมป์ตัน,3
#อาร์เซน่อล,th,ทุบ,3
#อาร์เซน่อล,th,เรื่องข่าวเรื่องใหญ่,3
#อาร์เซน่อล,th,เลสเตอร์,3
#อาร์เซน่อล,th,ถ่ายทอดสด,3
#อาร์เซน่อล,th,แซงขึ้นท็อปโฟร์,3
#อาร์เซน่อล,th,ศึก,3
#อาร์เซน่อล,th,วิเอร่า,3
#อาร์เซน่อล,th,ดวล,3
#อาร์เซน่อล,th,บอลสดวันนี้,3
#อาร์เซน่อล,th,ทีมชาติอังกฤษ,3
#อาร์เซน่อล,en,ufabet,3
#อาร์เซน่อล,th,โปรแกรมตารางการแข่งขันวันที่,3
#อาร์เซน่อล,th,มาร์ติน,3
#อาร์เซน่อล,th,ปืนโต,3
#อาร์เซน่อล,th,ปราสาทเรือนแก้ว,3
#อาร์เซน่อล,th,เซาท์แฮมตัน,3
#อาร์เซน่อล,th,ปาร์เตย์,3
#อาร์เซน่อล,en,mufc,3
#อาร์เซน่อล,en,smmsport,3
#อาร์เซน่อล,th,ทำประตูเพิ่มให้,2
#อาร์เซน่อล,th,ปืนใหญ่ยิงใส่,2
#อาร์เซน่อล,th,เรือใบ,2
#อาร์เซน่อล,th,อัซปิลิกวยต้า,2
#อาร์เซน่อล,th,เลอันโดร,2
#อาร์เซน่อล,th,เรอัลมาดริด,2
#อาร์เซน่อล,th,ลีดส์,2
#อาร์เซน่อล,th,วันนี้,2
#อาร์เซน่อล,th,ทีเด็ดบอล,2
#อาร์เซน่อล,th,อาร์เตต้าอาร์เซน่อล,2
#อาร์เซน่อล,th,สมิธ,2
#อาร์เซน่อล,th,ทรอสซาร์ด,2
#อาร์เซน่อล,en,เมยpptvhd,2
#อาร์เซน่อล,th,เวนเกอร์,2
#อาร์เซน่อล,th,เวลา,2
#อาร์เซน่อล,th,ติดตามทางเพจ,2
#อาร์เซน่อล,th,อีน็อค,2
#อาร์เซน่อล,th,เอมิล,2
#อาร์เซน่อล,th,เอ็ดดี้,2
#อาร์เซน่อล,en,ล่าตาข่ายasiasport,2
#อาร์เซน่อล,th,เอ็มเวปู,2
#อาร์เซน่อล,th,อินเตอร์มิลาน,2
#อาร์เซน่อล,th,ล้านปอนด์อาร์เซน่อล,2
#อาร์เซน่อล,th,ทีเด็ดเจ๊ดำ,2
#อาร์เซน่อล,th,พลิกนำ,2
#อาร์เซน่อล,th,อ่อนได้อีก,2
#อาร์เซน่อล,th,พรีเมียร์ลีกอังกฤษสเปอร์,2
#อาร์เซน่อล,th,มิเกล,2
#อาร์เซน่อล,en,มีคลิปsmmsport,2
#อาร์เซน่อล,th,ออฟไซด์,2
#อาร์เซน่อล,th,ยาน,2
#อาร์เซน่อล,th,ยิงสลุตส่ง,2
#อาร์เซน่อล,th,ยูเวนตุส,2
#อาร์เซน่อล,th,บุกนำ,2
#อาร์เซน่อล,th,หวังกระชาก,2
#อาร์เซน่อล,th,บูกาโย่,2
#อาร์เซน่อล,en,ร่วมกลุ่มfbออฟไซด์,2
#อาร์เซน่อล,th,ผู้เล่นตัวจริง,2
#อาร์เซน่อล,th,เดปาย,2
#อาร์เซน่อล,th,นิวคาสเซิล,2
#อาร์เซน่อล,th,นำห่าง,2
#อาร์เซน่อล,th,ฟุตบอลรีเมียร์ลีก,2
#อาร์เซน่อล,th,เบดนาเร็ก,2
#อาร์เซน่อล,en,เบรนท์ฟอร์ดทีเด็ดเบรนท์ฟอร์ดแมนยูนอริชซิตี้ทีเด็ดแมนยูกดเข้าเว็บthscore,2
#อาร์เซน่อล,en,นht,2
#อาร์เซน่อล,th,เปอตีต์,2
#อาร์เซน่อล,th,เชซุส,2
#อาร์เซน่อล,th,เฆซุส,2
#อาร์เซน่อล,th,เกมติด,2
#อาร์เซน่อล,th,อัซปิลิกูเอตา,2
#อาร์เซน่อล,th,ผลพรีเมียร์ลีก,2
#อาร์เซน่อล,th,ไฮไลท์ฟุตบอล,2
#อาร์เซน่อล,th,ซากา,2
#อาร์เซน่อล,th,จาก,2
#อาร์เซน่อล,th,คอนเต้,2
#อาร์เซน่อล,th,แมนฯ,2
#อาร์เซน่อล,th,ขึ้นที่,2
#อาร์เซน่อล,th,แวร์เนอร์,2
#อาร์เซน่อล,th,กาเบรียลเชซุส,2
#อาร์เซน่อล,th,กลับลงหลุม,2
#อาร์เซน่อล,th,โธมัสปาร์เตย์,2
#อาร์เซน่อล,en,vip,2
#อาร์เซน่อล,th,โรนัลโด้,2
#อาร์เซน่อล,en,thscore,2
#อาร์เซน่อล,th,โรว์,2
#อาร์เซน่อล,th,โอซิล,2
#อาร์เซน่อล,en,pl,2
#อาร์เซน่อล,en,manchesterunited,2
#อาร์เซน่อล,en,ได้รับชมถ่ายทอดสดแบบฟรีgtgtgt,2
#อาร์เซน่อล,th,ไทยรัฐสปอร์ต,2
#อาร์เซน่อล,th,ไทยรัฐออนไลน์,2
#อาร์เซน่อล,en,gtgtgtสนับสนุนโดยเชลซี,2
#อาร์เซน่อล,th,ไบรท์ตันทีเด็ดสเปอร์เซาแธมป์ตันอาร์เซน่อลทีเด็ดอาร์เซน่อลวัดฟอร์ด,2
#อาร์เซน่อล,en,crystalpalace,2
#อาร์เซน่อล,en,chhdsports,2
#อาร์เซน่อล,en,chelsea,2
#อาร์เซน่อล,en,chears,2
#อาร์เซน่อล,en,asiasport,2
#อาร์เซน่อล,en,'ผี',2
#อาร์เซน่อล,th,แมนซิตี้ไม่พลาดถล่มวัตฟอร์ดพรุน,2
#อาร์เซน่อล,th,วัตฟอร์ด,2
#อาร์เซน่อล,th,เหมาสอง,1
#อาร์เซน่อล,th,ได้รับบาดเจ็บต้นขาจากบุกพ่าย,1
#อาร์เซน่อล,en,อาร์เซน่อลshotongoal,1
#อาร์เซน่อล,th,ไก่ค้อนผียิ้ม,1
#อาร์เซน่อล,th,ได้รับข่าวร้าย,1
#อาร์เซน่อล,th,แจ็ค,1
#อาร์เซน่อล,th,เอ็นเคเทียห์กดสอง,1
#อาร์เซน่อล,th,อาร์เซนอลแมนยู,1
#อาร์เซน่อล,en,อาร์เซนอลht,1
#อาร์เซน่อล,th,ได้รับชมถ่ายทอดสดแบบฟรีค่ะ,1
#อาร์เซน่อล,th,อาซาร์,1
#อาร์เซน่อล,th,อาจลาอาร์เซนอล,1
#อาร์เซน่อล,th,อับราฮัม,1
#อาร์เซน่อล,th,ได้รับชมบอลสดแบบฟรี,1
#อาร์เซน่อล,th,อันโตนิโอคอนเต้,1
#อาร์เซน่อล,th,ได้หรือไม่,1
#อาร์เซน่อล,th,อดีตกองหลังหงส์,1
#อาร์เซน่อล,th,อังกฤษเอฟเอคัพ,1
#อาร์เซน่อล,th,เอ็นเคเทียห์เบิ้ล,1
#อาร์เซน่อล,en,แจงแทคติคสุดสะพรึงพาพาเลซถล่มปืนยับเยินshotongoal,1
#อาร์เซน่อล,th,เอ็มเวปูยิง,1
#อาร์เซน่อล,en,ไบรท์ตันht,1
#อาร์เซน่อล,en,ไบรท์ตันshotongoal,1
#อาร์เซน่อล,th,อักบอนลาฮอร์ชี้,1
#อาร์เซน่อล,th,เอ็มโปลี,1
#อาร์เซน่อล,en,ออกมาเป็นบวกsmmsport,1
#อาร์เซน่อล,th,ออกตัวก่อน,1
#อาร์เซน่อล,th,อย่าฟัง,1
#อาร์เซน่อล,en,อยากอยู่ถาวรshotongoal,1
#อาร์เซน่อล,th,อนุรักษ์สิ่งแวดล้อม,1
#อาร์เซน่อล,th,อาร์เซน่อลทรุด,1
#อาร์เซน่อล,th,อาร์เซน่อลทีเด็ดฟันธงเชลซี,1
#อาร์เซน่อล,th,อาร์เซน่อลนิวคาสเซิ่ลยูไนเต็ด,1
#อาร์เซน่อล,th,อาร์เซน่อลพังนัดติด,1
#อาร์เซน่อล,th,อาร์เตต้าเอ่ยปากขอโทษ,1
#อาร์เซน่อล,th,เอเยนต์เผยเหตุ,1
#อาร์เซน่อล,en,อาร์เตต้าเผยปาร์เตย์ส่อแววปิดเทอมก่อนเพื่อนshotongoal,1
#อาร์เซน่อล,th,แจ็คแฟนฉัน,1
#อาร์เซน่อล,en,อาร์เตต้าเตรียมให้แข้งวันเดอร์คิดประเดิมสนามเกมชนพาเลซsmmsport,1
#อาร์เซน่อล,th,โอซิมเฮน,1
#อาร์เซน่อล,th,เอ็ดดี้เอ็นคีเทียห์,1
#อาร์เซน่อล,th,โอซิลมีปัญหากับทุกคนที่ซุ้มปืนพรีเมียร์ลีก,1
#อาร์เซน่อล,th,ใครจะได้ไปลุย,1
#อาร์เซน่อล,th,ใจเอ็งมันได้เทียร์นี่ย์,1
#อาร์เซน่อล,th,อาร์เตต้ารับแข้งปืน,1
#อาร์เซน่อล,th,ใช้เสียงวิจารณ์จากเนวิลล์คาร่าผลักดันตัวเองอาร์เซน่อล,1
#อาร์เซน่อล,th,ในเกมที่ต้นสังกัดบุกพ่าย,1
#อาร์เซน่อล,th,อาร์เตต้ารับเริ่มหวั่น,1
#อาร์เซน่อล,th,อาร์เตต้ารับน่าจะส่ง,1
#อาร์เซน่อล,en,อาร์เตต้ายิ้มแข้งเรือใบพร้อมร่วมซุ้มปืนหลังแมนซิตี้ได้ตัวฮาลันด์smmsport,1
#อาร์เซน่อล,th,อาร์เตต้ายกเครดิตให้,1
#อาร์เซน่อล,th,ให้อาร์เซน่อล,1
#อาร์เซน่อล,th,อาร์เซน่อลไฮไลท์ฟุตบอล,1
#อาร์เซน่อล,th,อาร์เซน่อลไล่ถล่ม,1
#อาร์เซน่อล,th,เอ็นคีเทียห์,1
#อาร์เซน่อล,th,อาร์เซน่อลแมนยู,1
#อาร์เซน่อล,th,ไก่,1
#อาร์เซน่อล,th,อาร์เซน่อลเตรียมได้วันแข่งแล้วอ่านต่อ,1
#อาร์เซน่อล,th,อาร์เซน่อลเข้ากลุ่ม,1
#อาร์เซน่อล,th,อาร์เซน่อลอัดแมนยู,1
#อาร์เซน่อล,th,อาร์เซน่อลยิง,1
#อาร์เซน่อล,th,อดีตเพื่อนร่วมทีมแฉ,1
#อาร์เซน่อล,th,อดทาบท็อป,1
#อาร์เซน่อล,th,โรนัลโด้เลือกเอง,1
#อาร์เซน่อล,th,ไล่เจ๊า,1
#อาร์เซน่อล,th,สเปนลาลีก้า,1
#อาร์เซน่อล,th,ไม่สนย้ายไป,1
#อาร์เซน่อล,en,สู่จอมทัพอาร์เซน่อลpptvhd,1
#อาร์เซน่อล,th,สีหนาทปืนใหญ่,1
#อาร์เซน่อล,th,แก็บบี้,1
#อาร์เซน่อล,th,ไม่แยกทาง,1
#อาร์เซน่อล,th,ไร้ปัญหาพร้อมตะบันไบรท์ตัน,1
#อาร์เซน่อล,en,สาวกลูกหนังจวกการให้สัมภาษณ์อาร์เตต้าหลังแพ้นักบุญsmmsport,1
#อาร์เซน่อล,th,ไล่ตาม,1
#อาร์เซน่อล,th,สามทีมยักษ์ใหญ่นี้,1
#อาร์เซน่อล,th,สังหารจุดโทษให้อาร์เซน่อล,1
#อาร์เซน่อล,th,สวิสเซอร์แลนด์,1
#อาร์เซน่อล,en,สมใจshotongoal,1
#อาร์เซน่อล,th,สนเซ็นฟรี,1
#อาร์เซน่อล,th,ไบรท์ตันเลิกฝืดบุกทุบอาร์เซน่อล,1
#อาร์เซน่อล,th,สนดึง,1
#อาร์เซน่อล,th,ไวท์เผย,1
#อาร์เซน่อล,th,วิเอร่าซาฮา,1
#อาร์เซน่อล,th,วิเอร่ากอดคอรูนี่ย์,1
#อาร์เซน่อล,th,ไอวอรี่โคสต์,1
#อาร์เซน่อล,th,ไอ้ปืนโต,1
#อาร์เซน่อล,th,ไอ้ปืนใหญ่เปิดบ้านกดปีศาจแดง,1
#อาร์เซน่อล,th,ไฮไลท์,1
#อาร์เซน่อล,th,แก็บบี้อักบอนลาฮอร์,1
#อาร์เซน่อล,th,วิลฟรีดซาฮา,1
#อาร์เซน่อล,th,วิคตอร์โอซิมเฮน,1
#อาร์เซน่อล,th,วันเสาร์เปิดเกมคืนนี้นะ,1
#อาร์เซน่อล,th,วันพุธที่,1
#อาร์เซน่อล,th,แกรี่เนวิลล์,1
#อาร์เซน่อล,th,เฮได้หรือไม่,1
#อาร์เซน่อล,th,สเปอร์,1
#อาร์เซน่อล,en,สเปอร์กดคลิกเข้าชมบอลสดตอนนี้เลยถ่ายทอดสดgtgtgt,1
#อาร์เซน่อล,th,ไบรท์ตันโฮฟอัลเบี้ยนเชลซี,1
#อาร์เซน่อล,en,ห้ามพลาดเลยคลิกเข้ารับชมบอลสดgtgtgt,1
#อาร์เซน่อล,th,ห้ามพลาดเด็ดขาด,1
#อาร์เซน่อล,th,หวานเจี๊ยบเลยครับ,1
#อาร์เซน่อล,th,หวังแลกตัว,1
#อาร์เซน่อล,th,ไบรท์ตันไฮไลท์ฟุตบอล,1
#อาร์เซน่อล,th,หวังสอย,1
#อาร์เซน่อล,th,ไม่คมเอง,1
#อาร์เซน่อล,en,หลีกทางบรูโน่สังหารณ์โทษshotongoal,1
#อาร์เซน่อล,th,หลังแพ้,1
#อาร์เซน่อล,th,หลังเจ้าตัวยิงใส่,1
#อาร์เซน่อล,en,หลังมีข่าวบาร์ซ่าจ้องจีบshotongoal,1
#อาร์เซน่อล,en,หลังพ่ายไบรท์ตันคาบ้านshotongoal,1
#อาร์เซน่อล,th,หลังพ่ายอาร์เซน่อลคารัง,1
#อาร์เซน่อล,th,หลังพ่ายนักบุญ,1
#อาร์เซน่อล,th,แจงเหตุอาร์เตต้า,1
#อาร์เซน่อล,th,หมด,1
#อาร์เซน่อล,th,ไม่มีที่อยู่,1
#อาร์เซน่อล,th,หดหู่หนัก,1
#อาร์เซน่อล,th,หงส์แดง,1
#อาร์เซน่อล,en,ส่วนเรื่องสัญญาใหม่หวังว่าจะได้คุยกันหลังจบซีซั่นsmmsport,1
#อาร์เซน่อล,th,สเปอร์สอาร์เซน่อลหรือแมนยูฮาร์กรีฟส์ฟันธงท็อปพรีเมียร์ฯ,1
#อาร์เซน่อล,th,สเปอร์สยิ้ม,1
#อาร์เซน่อล,th,ไม่สน,1
#อาร์เซน่อล,th,สเปอร์สท็อตแน่มฮ็อทสเปอร์,1
#อาร์เซน่อล,th,สเปอร์สกำลังคึกบุกล่าสกอร์วิลล่า,1
#อาร์เซน่อล,th,เฮดโค้ชอาร์เซน่อล,1
#อาร์เซน่อล,th,อิตาลีคัพ,1
#อาร์เซน่อล,th,อิตาลีเซเรียอา,1
#อาร์เซน่อล,th,เหตุผลดร็อปแม็กไกวร์โด้ใจแกร่งทำสถิติประเด็นร้อนอาร์เซน่อลทุบแมนยู,1
#อาร์เซน่อล,en,เป๊ปตอบสื่อกรณีปืนอยากได้เชซุสที่ซัดคนเดียวเม็ดเกมถล่มแตนsmmsport,1
#อาร์เซน่อล,th,แพ้ยับ,1
#อาร์เซน่อล,th,แฟน,1
#อาร์เซน่อล,th,เมมฟิสเดปาย,1
#อาร์เซน่อล,th,เมซุตโอซิล,1
#อาร์เซน่อล,th,เพื่อยึดท็อปโฟร์แน่น,1
#อาร์เซน่อล,th,แฟนฉัน,1
#อาร์เซน่อล,en,แฟนบอลปลื้มแข้งปืนนำกาน่าหักอกไนจีเรียคว้าตั๋วบอลโลกมีคลิปsmmsport,1
#อาร์เซน่อล,th,เพราะอยากไป,1
#อาร์เซน่อล,th,แฟนบอลพ้นสนาม,1
#อาร์เซน่อล,en,เผยแข้งเป้าหมายปืนอยากย้ายไปหงส์เรือมากกว่าsmmsport,1
#อาร์เซน่อล,th,แมนซิตี้อ่านข่าว,1
#อาร์เซน่อล,en,เผยสาเหตุอัซปิลิกวยต้าปะทะเดือดแฟนเชลซีหลังพ่ายปืนคารังมีคลิปsmmsport,1
#อาร์เซน่อล,th,แซงสเปอร์สขึ้นท็อปโฟร์,1
#อาร์เซน่อล,th,เป๊ปกวาร์ดิโอล่า,1
#อาร์เซน่อล,th,เนวิลล์,1
#อาร์เซน่อล,th,เป็นเหตุทำคริสเตนเซ่นแจกโชคเชลซี,1
#อาร์เซน่อล,th,เปิดศึกแย่งตัว,1
#อาร์เซน่อล,th,แมนยูบอล,1
#อาร์เซน่อล,th,แมนยูบู๊ทีมบ๊วยนอริช,1
#อาร์เซน่อล,th,แมนยูอาการโคม่า,1
#อาร์เซน่อล,th,เปรยสุขดีอูดิฯ,1
#อาร์เซน่อล,th,เบรเมอร์เกลย์สันเบรเมอร์,1
#อาร์เซน่อล,th,แมนยูอาร์เซน่อล,1
#อาร์เซน่อล,th,เบรนท์ฟอร์ด,1
#อาร์เซน่อล,th,เบนไวท์,1
#อาร์เซน่อล,th,เบนฟิก้า,1
#อาร์เซน่อล,th,เบน,1
#อาร์เซน่อล,th,แมนยูฯ,1
#อาร์เซน่อล,en,แพ้pptvhd,1
#อาร์เซน่อล,th,แพ้,1
#อาร์เซน่อล,th,แบ็กชาวสกอตต์,1
#อาร์เซน่อล,th,แน่นอนชาก้า,1
#อาร์เซน่อล,th,เสาร์,1
#อาร์เซน่อล,th,เวอร์สแต๊พเพ่น,1
#อาร์เซน่อล,th,เวสต์แฮม,1
#อาร์เซน่อล,th,แต่ผีแพ้เพราะ,1
#อาร์เซน่อล,th,แต้ม,1
#อาร์เซน่อล,th,เล็งเซ็นฟรี,1
#อาร์เซน่อล,th,แต้มทาบที่,1
#อาร์เซน่อล,th,เล็งสอย,1
#อาร์เซน่อล,th,เล็งคว้าปีก,1
#อาร์เซน่อล,th,เล็งคว้า,1
#อาร์เซน่อล,th,แต้มทาบสเปอร์ส,1
#อาร์เซน่อล,th,เล็กไป,1
#อาร์เซน่อล,th,แต้มหนีตาย,1
#อาร์เซน่อล,th,เลาตาโร่มาร์ติเนซ,1
#อาร์เซน่อล,th,แทงบอล,1
#อาร์เซน่อล,th,เลสเตอร์ซิตี้,1
#อาร์เซน่อล,th,แทมมี่,1
#อาร์เซน่อล,th,แทมมี่อับราฮัม,1
#อาร์เซน่อล,th,แนะอาร์เซน่อล,1
#อาร์เซน่อล,en,เหมาะสมเป็นตัวแทนซาลาห์pptvhd,1
#อาร์เซน่อล,th,เรายิงเข้าประตูตัวเอง,1
#อาร์เซน่อล,en,แน่นผลบอลสดคลิกgtgtgtsmmsport,1
#อาร์เซน่อล,th,เมื่อวันจันทร์ที่ผ่านมา,1
#อาร์เซน่อล,th,เมื่อตืนที่ผ่านมา,1
#อาร์เซน่อล,th,เมื่อคืน,1
#อาร์เซน่อล,th,เมื่อ,1
#อาร์เซน่อล,th,เมอร์สัน,1
#อาร์เซน่อล,th,เนื่องจากผลการตรวจเชื้อไวรัสโควิด,1
#อาร์เซน่อล,th,เห็นแววชี้,1
#อาร์เซน่อล,th,เอาจริงเปิดรังยำ,1
#อาร์เซน่อล,th,โธมัส,1
#อาร์เซน่อล,th,แอตเลติโก้มาดริด,1
#อาร์เซน่อล,th,แชมป์ไร้พ่าย,1
#อาร์เซน่อล,en,เชลซีถึงถิ่นpptvhd,1
#อาร์เซน่อล,th,แฮปปี้ในซุ้มปืน,1
#อาร์เซน่อล,th,แฮมิลตัน,1
#อาร์เซน่อล,th,เฉือนชัยปราสาทเรือนแก้วเฮ,1
#อาร์เซน่อล,th,เจ๊าหืดเลสเตอร์ห่างโซนแดง,1
#อาร์เซน่อล,th,เจอ,1
#อาร์เซน่อล,th,โชว์เหนือเปิดบ้านทุบปืนใหญ่เละ,1
#อาร์เซน่อล,th,โดมินิกคัลเวิร์ตเลวิน,1
#อาร์เซน่อล,en,เข้าเว็บthscore,1
#อาร์เซน่อล,th,โด่วจารย์รังนิค,1
#อาร์เซน่อล,th,เกมตัดสินอันดับ,1
#อาร์เซน่อล,th,เอาจริง,1
#อาร์เซน่อล,th,เตือน,1
#อาร์เซน่อล,th,แข้งอายุน้อยเก่งสุด,1
#อาร์เซน่อล,th,โธมัสทูเคิล,1
#อาร์เซน่อล,th,อ่านข่าว,1
#อาร์เซน่อล,th,โธมัสทูเคิลโรม่า,1
#อาร์เซน่อล,th,อเลซ็องดร์ลากาแซตต์,1
#อาร์เซน่อล,th,แชมป์เอฟวันปีล่าสุดชาวดัตช์,1
#อาร์เซน่อล,th,อเลซ็องดร์,1
#อาร์เซน่อล,th,อูดิเนเซ่,1
#อาร์เซน่อล,th,อุทิศเพื่อลูกชายที่จากไปคริสเตียโน่,1
#อาร์เซน่อล,th,เอาจริงหรอ,1
#อาร์เซน่อล,th,โปรแกรมฟุตบอล,1
#อาร์เซน่อล,th,โพสต์ประโยคเด็ดหลัง,1
#อาร์เซน่อล,en,โฟกัสท็อปโฟร์pptvhd,1
#อาร์เซน่อล,th,เชลซีผลงานเป๋บุกถิ่นนักบุญหวังกู้ฟอร์มเก่ง,1
#อาร์เซน่อล,en,เชลซี็ht,1
#อาร์เซน่อล,th,เชิญ,1
#อาร์เซน่อล,th,เช็กความพร้อมล่าสุด,1
#อาร์เซน่อล,th,เตรียมไขก๊อก,1
#อาร์เซน่อล,th,แมนยูแมนยู,1
#อาร์เซน่อล,th,แมนยูไกลสุดกู่อาร์เซน่อลเหนือสเปอร์สบ่อนปรับราคาทีมติดท็อปพรีเมียร์ฯ,1
#อาร์เซน่อล,th,เตรียมทุ่ม,1
#อาร์เซน่อล,th,เตรียมชิ่งเรือซบปืนเซ่นดีล,1
#อาร์เซน่อล,th,เด่นสุดๆ,1
#อาร์เซน่อล,th,เด็กมันมีของ,1
#อาร์เซน่อล,th,เดือด,1
#อาร์เซน่อล,th,เดอะกันเนอร์ส,1
#อาร์เซน่อล,th,เอซีมิลาน,1
#อาร์เซน่อล,th,แมนฯซิตี้,1
#อาร์เซน่อล,th,แมนฯซิตี้เชลซี,1
#อาร์เซน่อล,th,แม็กซ์,1
#อาร์เซน่อล,th,แม็กซ์แอรอนส์,1
#อาร์เซน่อล,th,แย่งตัว,1
#อาร์เซน่อล,th,เซาธ์แฮมป์ตันทำแสบ,1
#อาร์เซน่อล,th,เอดูรับปืนพร้อมเซ็นแข้งใหม่ซัมเมอร์นี้เพียงแค่,1
#อาร์เซน่อล,th,แย่งแข้งชั้นดี,1
#อาร์เซน่อล,th,และ,1
#อาร์เซน่อล,th,และคาดว่าจะหมดสิทธิ์ลงสนามช่วยทีม,1
#อาร์เซน่อล,th,และทุ่มเทให้มากที่สุดเพื่อพาทีมจบที่,1
#อาร์เซน่อล,th,เซลต้าบีโก้,1
#อาร์เซน่อล,th,เซซาร์อัซปิลิกวยต้า,1
#อาร์เซน่อล,th,แซง,1
#อาร์เซน่อล,th,เซซาร์,1
#อาร์เซน่อล,th,เช็คผลบอล,1
#อาร์เซน่อล,th,เช็คที่นี่,1
#อาร์เซน่อล,en,ฮาลันด์shotongoal,1
#อาร์เซน่อล,en,',1
#อาร์เซน่อล,th,วัดกันไฟแลบแน่นอน,1
#อาร์เซน่อล,th,ดิบาล่า,1
#อาร์เซน่อล,th,ชาก้า,1
#อาร์เซน่อล,th,ชี้,1
#อาร์เซน่อล,en,ชี้ต้องเปลี่ยนเองหากแผนห่วยshotongoal,1
#อาร์เซน่อล,th,ชี้ทีมมีพัฒนาการขึ้น,1
#อาร์เซน่อล,th,ชี้นิ้วขึ้นฟ้า,1
#อาร์เซน่อล,en,ชี้แข้งรายนี้จะไม่ได้ลงเล่นให้ปืนอีกหลังเกมพ่ายพาเลซsmmsport,1
#อาร์เซน่อล,th,ชุดขาว,1
#อาร์เซน่อล,en,ชูนิ้วขึ้นฟ้าcr,1
#อาร์เซน่อล,th,ช่วยกดดัน,1
#อาร์เซน่อล,en,ซัมเมอร์นี้smmsport,1
#อาร์เซน่อล,th,ซาก้าติดโควิด,1
#อาร์เซน่อล,th,ซานติกาซอร์ล่า,1
#อาร์เซน่อล,th,ซาฮา,1
#อาร์เซน่อล,th,ซาฮาอาร์เซน่อล,1
#อาร์เซน่อล,th,ซิวกุนซือยอดเยี่ยมประจำเดือนครั้งที่,1
#อาร์เซน่อล,th,ฐานเศรษฐกิจ,1
#อาร์เซน่อล,th,ดาร์วินนูเญซ,1
#อาร์เซน่อล,th,ชมสปิริตอาร์เซน่อลบุกทุบ,1
#อาร์เซน่อล,th,ชมลูกทีมพร้อมขอบคุณแฟนบอล,1
#อาร์เซน่อล,th,จ่าย,1
#อาร์เซน่อล,th,จบครึ่งแรกฟุตบอล,1
#อาร์เซน่อล,th,คืนฟอร์มบุกยิงสิงห์กระจุย,1
#อาร์เซน่อล,th,คืนฟอร์มเก่งบุกยิง,1
#อาร์เซน่อล,en,คืนสนามซ้อมเต็มรูปแบบแม้เจอเรื่องเศร้าsmmsport,1
#อาร์เซน่อล,en,คู่ปรับร่วมกรุงลอนดอนsmmsport,1
#อาร์เซน่อล,th,คู่เลา,1
#อาร์เซน่อล,th,ค่าตัว,1
#อาร์เซน่อล,th,จนเล่นไม่ออก,1
#อาร์เซน่อล,th,จะคืนฟอร์มเฮหรือบ๊วยติดคอรอลุ้น,1
#อาร์เซน่อล,th,จ่าฝูงเปลี่ยนไหมมาร์คโอเว่นฟันธงพรีเมียร์ฯวีก,1
#อาร์เซน่อล,th,จะยิงผี,1
#อาร์เซน่อล,th,จะไม่มี,1
#อาร์เซน่อล,th,จากดาวรุ่งพเนจร,1
#อาร์เซน่อล,th,จากปืนใหญ่,1
#อาร์เซน่อล,th,จากมิดฟิลด์ปืนใหญ่สู่อภิมหาเศรษฐีและแม่ทัพอนุรักษ์สิ่งแวดล้อมฟลามินี่,1
#อาร์เซน่อล,th,จากแมนซิตี้,1
#อาร์เซน่อล,th,จึงไปลงขันซื้อหุ้น,1
#อาร์เซน่อล,th,ดาวเตะแห่ง,1
#อาร์เซน่อล,en,ดิบาล่าpptvhd,1
#อาร์เซน่อล,th,คืนฟอร์มบุกตบ,1
#อาร์เซน่อล,th,ดูบอล,1
#อาร์เซน่อล,th,ต้องชนะทวงคืนที่,1
#อาร์เซน่อล,th,ต้องเข้ารับการผ่าตัดหัวเข่า,1
#อาร์เซน่อล,en,ถอนแคมป์สิงโตเรียบร้อยshotongoal,1
#อาร์เซน่อล,th,ถูกถอดพักครึ่งเกมพ่ายพาเลซ,1
#อาร์เซน่อล,th,ถูกยกแข้งอายุไม่เกิน,1
#อาร์เซน่อล,th,ทดเจ็บ,1
#อาร์เซน่อล,th,ทวงคืนตำแหน่งจ่าฝูง,1
#อาร์เซน่อล,th,ทะเลาะแฟนบอลเชลซี,1
#อาร์เซน่อล,th,ทายผลบอล,1
#อาร์เซน่อล,th,ทายผลสกอร์,1
#อาร์เซน่อล,th,ทำประตูตีไข่แตก,1
#อาร์เซน่อล,th,ทำประตูเบิกร่องให้,1
#อาร์เซน่อล,th,ทำประตูเพิ่มให้อาร์เซน่อล,1
#อาร์เซน่อล,th,ทำประตูเพิ่มให้เชลซี,1
#อาร์เซน่อล,th,ทำประตูให้อาร์เซน่อล,1
#อาร์เซน่อล,th,ทำประตูให้เจ้าบ้าน,1
#อาร์เซน่อล,th,ทำประตูให้เชลซี,1
#อาร์เซน่อล,th,ต้องขอโทษปืนหลังหลุดปาก,1
#อาร์เซน่อล,th,ต่อ,1
#อาร์เซน่อล,th,ตุรกี,1
#อาร์เซน่อล,th,ตัวจริง,1
#อาร์เซน่อล,th,ดูบอลสด,1
#อาร์เซน่อล,th,ดูบอลสดช่องไหน,1
#อาร์เซน่อล,th,ดูบอลสดแมนยู,1
#อาร์เซน่อล,th,ดูบอลแมนยู,1
#อาร์เซน่อล,th,ดูไป,1
#อาร์เซน่อล,en,ตบเท้าเข้าหอเกียรติยศพรีเมียร์ลีกshotongoal,1
#อาร์เซน่อล,en,ตลอดช่วงที่เหลืองฤดูกาลนี้smmsport,1
#อาร์เซน่อล,th,ตั้งค่าตัว,1
#อาร์เซน่อล,th,ตุง,1
#อาร์เซน่อล,th,ตามตีเสมอ,1
#อาร์เซน่อล,th,ตารางคะแนน,1
#อาร์เซน่อล,th,ตาวาเรส,1
#อาร์เซน่อล,th,ตำหนิสนามหญ้าไม่ดีมีส่วนทำ,1
#อาร์เซน่อล,th,ติดตามไลฟ์สดได้เลยเชลซี,1
#อาร์เซน่อล,th,ติโม,1
#อาร์เซน่อล,th,ตีเสมอ,1
#อาร์เซน่อล,th,คืนฟอร์มบุกยิง,1
#อาร์เซน่อล,th,คีแรนเทียร์นี่ย์,1
#อาร์เซน่อล,en,ทำให้ต้องพักหลายสัปดาห์smmsport,1
#อาร์เซน่อล,en,spring,1
#อาร์เซน่อล,en,gtgtgtสนับสนุนโดยแมนฯยูไนเต็ด,1
#อาร์เซน่อล,en,ht,1
#อาร์เซน่อล,en,i'm,1
#อาร์เซน่อล,en,kierantierney,1
#อาร์เซน่อล,en,league,1
#อาร์เซน่อล,en,lewishamilton,1
#อาร์เซน่อล,en,lgbtq,1
#อาร์เซน่อล,en,live,1
#อาร์เซน่อล,en,manutd,1
#อาร์เซน่อล,en,mutd,1
#อาร์เซน่อล,en,mสมัครแทงบอลเลย,1
#อาร์เซน่อล,en,pptv,1
#อาร์เซน่อล,en,pptvhd,1
#อาร์เซน่อล,en,pptvnews,1
#อาร์เซน่อล,en,qualificationafrica,1
#อาร์เซน่อล,en,report,1
#อาร์เซน่อล,en,scores,1
#อาร์เซน่อล,en,gtgtgtสนับสนุนโดยอาร์เซน่อล,1
#อาร์เซน่อล,en,gtgtgt,1
#อาร์เซน่อล,en,gtgt,1
#อาร์เซน่อล,en,arsenalบอลวันนี้,1
#อาร์เซน่อล,en,'สิงห์'คาถิ่น,1
#อาร์เซน่อล,en,'โรนัลโด้',1
#อาร์เซน่อล,en,'ไก่,1
#อาร์เซน่อล,en,alexandrelacazette,1
#อาร์เซน่อล,en,analysisthis,1
#อาร์เซน่อล,en,arsbri,1
#อาร์เซน่อล,en,arsenalmanutd,1
#อาร์เซน่อล,en,article,1
#อาร์เซน่อล,en,gfbiochemicals,1
#อาร์เซน่อล,en,botคมชัดลึก,1
#อาร์เซน่อล,en,bukayosaka,1
#อาร์เซน่อล,en,complete,1
#อาร์เซน่อล,en,content,1
#อาร์เซน่อล,en,epl,1
#อาร์เซน่อล,en,fast,1
#อาร์เซน่อล,en,gfb,1
#อาร์เซน่อล,en,souars,1
#อาร์เซน่อล,en,thejournalistclub,1
#อาร์เซน่อล,th,คีแรนเทียร์นีย์,1
#อาร์เซน่อล,en,thomaspartey,1
#อาร์เซน่อล,th,ขอโทษแฟนบอล,1
#อาร์เซน่อล,th,ขอให้,1
#อาร์เซน่อล,th,ขึ้นนำ,1
#อาร์เซน่อล,th,ข่าวบอลนอก,1
#อาร์เซน่อล,th,ข่าวฟุตบอลต่างประเทศ,1
#อาร์เซน่อล,th,ข่าวฟุตบอลวันนี้,1
#อาร์เซน่อล,en,คนshotongoal,1
#อาร์เซน่อล,th,คนจริงต้องแบบนี้,1
#อาร์เซน่อล,th,คริสตัลพาเลซอาร์เซน่อล,1
#อาร์เซน่อล,th,คริสตัลพาเลซเอฟเวอร์ตัน,1
#อาร์เซน่อล,th,คริสเตียโน่โรนัลโด้,1
#อาร์เซน่อล,en,คลิกเลยgtgtgt,1
#อาร์เซน่อล,th,คลิปเชลซี,1
#อาร์เซน่อล,th,คอลัมน์ประจำวันมาติเยอ,1
#อาร์เซน่อล,th,คัลเวิร์ตเลวิน,1
#อาร์เซน่อล,th,คาบ้าน,1
#อาร์เซน่อล,th,คีแรน,1
#อาร์เซน่อล,th,ขยับแซงไก่ขึ้นท็อป,1
#อาร์เซน่อล,th,ก่อนแข่งขัน,1
#อาร์เซน่อล,th,ก็ท็อปโฟร์อ่ะหลานๆท็อปโฟร์,1
#อาร์เซน่อล,th,กลับคืนสู่พรีเมียร์ลีกแน่นอน,1
#อาร์เซน่อล,en,thscoreเชลซี,1
#อาร์เซน่อล,en,tottenham,1
#อาร์เซน่อล,en,ucl,1
#อาร์เซน่อล,en,varราล์ฟรังนิค,1
#อาร์เซน่อล,en,viewed,1
#อาร์เซน่อล,en,wcq,1
#อาร์เซน่อล,en,กรณีเหยียดคนรักร่วมเพศshotongoal,1
#อาร์เซน่อล,en,กลับพรีเมียร์pptvhd,1
#อาร์เซน่อล,th,กูรูลูกหนังฟันธง,1
#อาร์เซน่อล,th,กับผลงานสุดห่วย,1
#อาร์เซน่อล,en,กาซอร์ล่าshotongoal,1
#อาร์เซน่อล,th,กาเบรียล,1
#อาร์เซน่อล,th,กาเบรียลบาร์เซโลน่า,1
#อาร์เซน่อล,th,กาเบรียลมาร์ติเนลลี่,1
#อาร์เซน่อล,th,กาเบรียลเฆซุส,1
#อาร์เซน่อล,th,กิจกรรมแค่ทายถูกคู่นี้แจก,1
#อาร์เซน่อล,th,ทำปืนชวดขึ้นท็อปโฟร์,1
#อาร์เซน่อล,th,ทีมชาติกาน่า,1
#อาร์เซน่อล,th,ล้านเดปาย,1
#อาร์เซน่อล,th,ยูไนเต็ด,1
#อาร์เซน่อล,th,มาเป็นคลิป,1
#อาร์เซน่อล,th,มิลส์แนะแข้งปืน,1
#อาร์เซน่อล,th,มีสมาธิ,1
#อาร์เซน่อล,en,มีไฮไลท์ด้านในshotongoal,1
#อาร์เซน่อล,th,มืออาชีพ,1
#อาร์เซน่อล,th,ยกซาก้าราฟิญญ่า,1
#อาร์เซน่อล,th,ยอมรับว่าฟอร์มของลูกทีมตอนนี้อยู่ในสถานการณ์น่ากังวล,1
#อาร์เซน่อล,th,ยอมใช้แฟ้บล้างหน้าตามสัญญา,1
#อาร์เซน่อล,th,ยังทวงคืนท็อป,1
#อาร์เซน่อล,th,ยังมีโอกาสลุ้นคว้าที่,1
#อาร์เซน่อล,th,ยังสงสัยไม่หายทำไม,1
#อาร์เซน่อล,th,ยังไม่ฟื้น,1
#อาร์เซน่อล,th,ยังไม่ฟื้นโดนไบรท์ตัน,1
#อาร์เซน่อล,en,ยันสนคัมแบ็กรับงานคุมสโมสรpptvhd,1
#อาร์เซน่อล,th,ยิงเซฟแต้ม,1
#อาร์เซน่อล,th,ยินดีต้นรับแฟนบอลทุกท่านเข้ามาชมนะคะทีเด็ดบอลบอลสดวันนี้,1
#อาร์เซน่อล,en,'ปืน',1
#อาร์เซน่อล,en,มาร์ติเนลลี่เผยแข้งเชลซีพยายามยุให้เปลี่ยนทีมระหว่างเกมยูโรsmmsport,1
#อาร์เซน่อล,th,มาร์ตินโอเดการ์ด,1
#อาร์เซน่อล,en,มาร่วมสนุกกันรางวัลรอคุณอยู่fastvip,1
#อาร์เซน่อล,th,ฟลามินี่,1
#อาร์เซน่อล,th,พลาดท่าโดน,1
#อาร์เซน่อล,th,พอลเมอร์สัน,1
#อาร์เซน่อล,th,พาไบรท์ตันบุกเชือดปืนโต,1
#อาร์เซน่อล,th,พี่ต้ายอมรับผิด,1
#อาร์เซน่อล,th,พ่าย,1
#อาร์เซน่อล,th,พ่ายเซาธ์แฮมป์ตัน,1
#อาร์เซน่อล,th,พ่ายในลีก,1
#อาร์เซน่อล,th,ฟอร์มดิ่งลงเหวกับปืนเพราะ,1
#อาร์เซน่อล,th,มารียิ้มร่า,1
#อาร์เซน่อล,th,ฟอร์มยังไม่กระเตื้องบุกพ่ายนักบุญ,1
#อาร์เซน่อล,th,ฟังคนพากย์ไปด้วยมันส์สุดเข้ากลุ่ม,1
#อาร์เซน่อล,th,ฟุตบอล,1
#อาร์เซน่อล,th,ฟุตบอลโลกรอบคัดเลือกโซนแอฟริกา,1
#อาร์เซน่อล,th,มากกว่ากาเบรียลเฆซุส,1
#อาร์เซน่อล,th,มากัลเญสย้ำ,1
#อาร์เซน่อล,th,มารี,1
#อาร์เซน่อล,th,ยืนยัน,1
#อาร์เซน่อล,en,ยูไนเต็ดshotongoal,1
#อาร์เซน่อล,en,พร้อมเผ่นปืนหลังได้คุยหลายสโมสรshotongoal,1
#อาร์เซน่อล,en,ย้ายทีมshotongoal,1
#อาร์เซน่อล,th,ลิงค์ดูบอลแมนยู,1
#อาร์เซน่อล,th,ลีดด์ยูไนเต็ด,1
#อาร์เซน่อล,th,ลือหึ่ง,1
#อาร์เซน่อล,th,ลุงเวน,1
#อาร์เซน่อล,th,ลุงเวนเกอร์,1
#อาร์เซน่อล,th,ลุ้นคว้า,1
#อาร์เซน่อล,th,ลุ้นท็อปโฟร์สนุกอ่านข่าว,1
#อาร์เซน่อล,en,ลุ้นยืมพ่วงซื้อขาดshotongoal,1
#อาร์เซน่อล,th,ลูก,1
#อาร์เซน่อล,th,ลูกทีมสำหรับชัยชนะต่อเชลซี,1
#อาร์เซน่อล,th,ลูอิส,1
#อาร์เซน่อล,th,ลูอิสแฮมิลตัน,1
#อาร์เซน่อล,th,ล็อคเป้าล่าตัว,1
#อาร์เซน่อล,th,ล่าตัว,1
#อาร์เซน่อล,th,ล้าน,1
#อาร์เซน่อล,th,ล้านปอนด์เรอัลมาดริด,1
#อาร์เซน่อล,en,ล้านยูโรasiasport,1
#อาร์เซน่อล,en,ลากาแซตต์pptvhd,1
#อาร์เซน่อล,en,ลากาแซตต์asiasport,1
#อาร์เซน่อล,th,ลากาอัปเดทอนาคต,1
#อาร์เซน่อล,th,ริชาร์ลิซอน,1
#อาร์เซน่อล,th,ย้ำชัดไม่ได้แชมป์,1
#อาร์เซน่อล,th,รวมลิงค์ดูบอล,1
#อาร์เซน่อล,en,รังนิกก้มหน้ารับผีแดงหมดหนทางติดท็อปโฟร์shotongoal,1
#อาร์เซน่อล,th,รังนิกเผย,1
#อาร์เซน่อล,th,รัดเข็มขัด,1
#อาร์เซน่อล,th,รัวไม่ยั้งถล่มไบรท์ตันแซงนำฝูง,1
#อาร์เซน่อล,th,ราฟิญญ่า,1
#อาร์เซน่อล,th,รีบสอย,1
#อาร์เซน่อล,th,ลงแทน,1
#อาร์เซน่อล,th,รุมร่วมแย่งตัว,1
#อาร์เซน่อล,th,รูนี่ย์,1
#อาร์เซน่อล,th,รูเบนฟลอเรส,1
#อาร์เซน่อล,th,ร่วมทัพ,1
#อาร์เซน่อล,th,ฤดูกาลหน้า,1
#อาร์เซน่อล,th,ลงหลุมได้หรือไม่,1
#อาร์เซน่อล,th,ลงอุ่นเครื่องกับ,1
#อาร์เซน่อล,th,พร้อมโชว์ฟอร์มฮอตดับซ่าไบรท์ตัน,1
#อาร์เซน่อล,th,พร้อมปาดหน้า,1
#อาร์เซน่อล,th,ที่,1
#อาร์เซน่อล,th,บุกอัด,1
#อาร์เซน่อล,th,นัดถกตัวแทนอาซาร์,1
#อาร์เซน่อล,th,นาที,1
#อาร์เซน่อล,th,นาทีแรก,1
#อาร์เซน่อล,th,นาโปลี,1
#อาร์เซน่อล,th,นาโปลีอาร์เซน่อล,1
#อาร์เซน่อล,th,นำซัดผีแดงลุ้นแต้มหนีตาย,1
#อาร์เซน่อล,th,นิวคาสเซิ่ลยูไนเต็ด,1
#อาร์เซน่อล,th,นูเญซอาร์เซน่อล,1
#อาร์เซน่อล,th,นูโน่ตาวาเรส,1
#อาร์เซน่อล,th,นเชลซี,1
#อาร์เซน่อล,th,นเซาแฮมป์ตัน,1
#อาร์เซน่อล,th,บรูโน่พลาดโทษชาก้าย้ำชัย,1
#อาร์เซน่อล,th,บอบู๋,1
#อาร์เซน่อล,th,บอล,1
#อาร์เซน่อล,th,บอลสด,1
#อาร์เซน่อล,th,บอลแมนยู,1
#อาร์เซน่อล,th,บาร์ซ่ามาดริดคีแรนเทียร์นี่ย์,1
#อาร์เซน่อล,th,นัดติดจะฮึดรีดฟอร์มคว่ำเชลซี,1
#อาร์เซน่อล,th,นัดติดจะรีดฟอร์มเก่งไล่จี้ท็อป,1
#อาร์เซน่อล,en,นัดติดshotongoal,1
#อาร์เซน่อล,th,ท็อป,1
#อาร์เซน่อล,th,ที่ซัดครบ,1
#อาร์เซน่อล,th,ที่ผ่านมาควรส่งเอ็นเคเทียห์ลงมากกว่านี้เชลซี,1
#อาร์เซน่อล,th,ที่เป็นแฟนบอล,1
#อาร์เซน่อล,th,ที่ใกล้จะหมดสัญญา,1
#อาร์เซน่อล,th,ทุ่ม,1
#อาร์เซน่อล,th,ทูเคิลมาแปลกโทษสนามตัวเองเป็นเหตุพ่ายอาร์เซนอล,1
#อาร์เซน่อล,th,ทูเคิ่ลบ่นสนามตัวเอง,1
#อาร์เซน่อล,th,ท็อปโฟร์สั่นคลอนเทียร์นีย์แข้งอาร์เซน่อลจ่อผ่าเข่าปิดเทอมยาว,1
#อาร์เซน่อล,th,นัดติด,1
#อาร์เซน่อล,th,ท็อฟฟี่,1
#อาร์เซน่อล,th,ท็อฟฟี่แลกเดือด,1
#อาร์เซน่อล,th,ท้อปโฟร์ดาร์บี้แมตช์,1
#อาร์เซน่อล,th,ท๊อฟฟี่,1
#อาร์เซน่อล,th,นอริชซิตี้,1
#อาร์เซน่อล,th,นอริชอ่านข่าว,1
#อาร์เซน่อล,th,นอาร์เซนอล,1
#อาร์เซน่อล,th,บุกทะลวงปืนแตก,1
#อาร์เซน่อล,th,บุกโดนอาร์เซน่อลเผาเครื่องยับ,1
#อาร์เซน่อล,th,พร้อมก้าวเป็นยอดแข้งของโลกซาก้า,1
#อาร์เซน่อล,th,บูคาโย่,1
#อาร์เซน่อล,th,ปืนใหญ่ฟัดไบรท์ตัน,1
#อาร์เซน่อล,th,ปืนใหญ่ยังไม่ฟื้น,1
#อาร์เซน่อล,th,ปืนใหญ่สะดุดแพ้,1
#อาร์เซน่อล,th,ผลการแข่งขัน,1
#อาร์เซน่อล,th,ผลบอล,1
#อาร์เซน่อล,th,ผลบอลพรีเมียร์ลีก,1
#อาร์เซน่อล,th,ผลบอลล่าสุด,1
#อาร์เซน่อล,th,ผลบอลสดคลิก,1
#อาร์เซน่อล,th,ผลบอลแมนยู,1
#อาร์เซน่อล,th,ผีปืนไก่,1
#อาร์เซน่อล,th,ผู้จัดการทีมอาร์เซน่อล,1
#อาร์เซน่อล,th,ผู้เล่นตัวจริงฟุตบอลพรีเมียร์ลีก,1
#อาร์เซน่อล,th,ผ่าเข่าส่อรูดม่านซีซั่นนี้เทียร์นี่ย์,1
#อาร์เซน่อล,th,พรีเมียร์ลีกท็อฟฟี่ผลงานดิ่งจัดริชาร์ลิซอน,1
#อาร์เซน่อล,th,พรีเมียร์ลีกสเปอร์ส,1
#อาร์เซน่อล,th,พรีเมียร์ลีกอาร์เซน่อลแมนยูนอริชซิตี้แมนเชสเตอร์ยูไนเต็ดแมนเชสเตอร์ซิตี้วัดฟอร์ดเลสเตอร์ซิตี้แอสตันวิลล่าเบรนท์ฟอร์ด,1
#อาร์เซน่อล,th,พรีเมียร์ลีกอาร์เซน่อลแมนเชสเตอร์ยูไนเต็ดเวลาเริ่มแข่ง,1
#อาร์เซน่อล,th,ปืนใหญ่บุกอัดสิงห์บลูส์สุดเดือด,1
#อาร์เซน่อล,th,ปืนใหญ่งานเข้า,1
#อาร์เซน่อล,th,ปืนใหญ่คืนชีพบุกยิงสิงห์ดับแต้มทาบที่,1
#อาร์เซน่อล,th,ปิดรับทายผล,1
#อาร์เซน่อล,th,บูคาโย่ซาก้า,1
#อาร์เซน่อล,en,บ่อยกว่านี้shotongoal,1
#อาร์เซน่อล,th,ประกาศผลสกอร์,1
#อาร์เซน่อล,th,ประตูที่นี้แด่ลูกพ่อ,1
#อาร์เซน่อล,th,ประตูในพรีเมียร์ลีก,1
#อาร์เซน่อล,th,ปราชัย,1
#อาร์เซน่อล,en,ปาร์เตย์เจ็บต้นขาส่อพักหลายวีคshotongoal,1
#อาร์เซน่อล,th,ปีกดาวรุ่งจาก,1
#อาร์เซน่อล,th,ปืนเอาจริง,1
#อาร์เซน่อล,th,ปีน,1
#อาร์เซน่อล,en,ปีเก่งที่สุดในยุโรปpptvhd,1
#อาร์เซน่อล,th,ปืน,1
#อาร์เซน่อล,en,ปืน',1
#อาร์เซน่อล,th,ปืนคอนเฟิร์ม,1
#อาร์เซน่อล,th,ปืนค้อน,1
#อาร์เซน่อล,th,ปืนมีเหงื่อตก,1
#อาร์เซน่อล,th,ยึดอันดับ,1
